USE cacti_succulent_kuching;
INSERT INTO user_info (email_address, phone_number, name, gender, preference) VALUES ('Helen.Fleming@testemail.cf', '0109051738', 'Helen Fleming', 'Male', '[\"Seedlings\"]');
INSERT INTO user_info (email_address, phone_number, name, gender, preference) VALUES ('Helen.Low@testemail.cf', '0188729563', 'Helen Low', 'Female', '[\"Herbs\", \"Gardening\"]');
INSERT INTO user_info (email_address, phone_number, name, gender, preference) VALUES ('Rebecca.Todd@testemail.cf', '0151056923', 'Rebecca Todd', 'Male', '[\"Fruits\", \"Succulent\", \"Herbs\", \"Bonsai\", \"Seedlings\"]');
INSERT INTO user_info (email_address, phone_number, name, gender, preference) VALUES ('Sarah.Zwilling@testemail.cf', '0166751249', 'Sarah Zwilling', 'Female', '[\"Bonsai\", \"Succulent\", \"Herbs\", \"Fruits\", \"Gardening\", \"Seedlings\"]');
INSERT INTO user_info (email_address, phone_number, name, gender, preference) VALUES ('Morris.Hannah@testemail.cf', '0123029768', 'Morris Hannah', 'Female', NULL);
INSERT INTO user_info (email_address, phone_number, name, gender, preference) VALUES ('William.Deacy@testemail.cf', '0184308597', 'William Deacy', 'Male', '[\"Fruits\", \"Herbs\", \"Bonsai\", \"Succulent\", \"Seedlings\"]');
INSERT INTO user_info (email_address, phone_number, name, gender, preference) VALUES ('Deanna.Flickinger@testemail.cf', '0165318906', 'Deanna Flickinger', 'Male', '[\"Succulent\", \"Seedlings\", \"Herbs\", \"Bonsai\", \"Fruits\"]');
INSERT INTO user_info (email_address, phone_number, name, gender, preference) VALUES ('Jack.Hull@testemail.cf', '0121596023', 'Jack Hull', 'Female', '[\"Herbs\", \"Fruits\", \"Gardening\", \"Succulent\", \"Seedlings\", \"Bonsai\"]');
INSERT INTO user_info (email_address, phone_number, name, gender, preference) VALUES ('Rita.Kenyon@testemail.cf', '01143065182', 'Rita Kenyon', 'Male', '[\"Succulent\", \"Seedlings\"]');
INSERT INTO user_info (email_address, phone_number, name, gender, preference) VALUES ('Debbie.Pierce@testemail.cf', '01106548972', 'Debbie Pierce', 'Male', '[\"Herbs\", \"Fruits\", \"Succulent\"]');
INSERT INTO user_info (email_address, phone_number, name, gender, preference) VALUES ('Clifford.Bautista@testemail.cf', '01169501432', 'Clifford Bautista', 'Male', '[\"Herbs\"]');
INSERT INTO user_info (email_address, phone_number, name, gender, preference) VALUES ('David.Woody@testemail.cf', '0165704189', 'David Woody', 'Female', '[\"Succulent\"]');
INSERT INTO user_info (email_address, phone_number, name, gender, preference) VALUES ('Robert.Abud@testemail.cf', '0188412753', 'Robert Abud', 'Male', '[\"Herbs\", \"Gardening\", \"Bonsai\"]');
INSERT INTO user_info (email_address, phone_number, name, gender, preference) VALUES ('Jill.Poirier@testemail.cf', '0125814062', 'Jill Poirier', 'Male', NULL);
INSERT INTO user_info (email_address, phone_number, name, gender, preference) VALUES ('Nola.Lee@testemail.cf', '01123508691', 'Nola Lee', 'Female', '[\"Seedlings\"]');
INSERT INTO user_info (email_address, phone_number, name, gender, preference) VALUES ('Harmony.Walker@testemail.cf', '0146542378', 'Harmony Walker', 'Female', NULL);
INSERT INTO user_info (email_address, phone_number, name, gender, preference) VALUES ('Monika.Hutson@testemail.cf', '0142971640', 'Monika Hutson', 'Female', '[\"Bonsai\", \"Seedlings\", \"Herbs\", \"Succulent\", \"Fruits\", \"Gardening\"]');
INSERT INTO user_info (email_address, phone_number, name, gender, preference) VALUES ('Mary.Nichols@testemail.cf', '0147429603', 'Mary Nichols', 'Female', '[\"Succulent\", \"Seedlings\", \"Bonsai\", \"Gardening\", \"Fruits\", \"Herbs\"]');
INSERT INTO user_info (email_address, phone_number, name, gender, preference) VALUES ('Marilyn.Goodale@testemail.cf', '0127125089', 'Marilyn Goodale', 'Male', '[\"Herbs\", \"Succulent\", \"Gardening\"]');
INSERT INTO user_info (email_address, phone_number, name, gender, preference) VALUES ('William.Arruda@testemail.cf', '0193172046', 'William Arruda', 'Female', '[\"Herbs\", \"Succulent\", \"Gardening\", \"Bonsai\", \"Fruits\", \"Seedlings\"]');
INSERT INTO user_info (email_address, phone_number, name, gender, preference) VALUES ('Henry.Scales@testemail.cf', '01165893174', 'Henry Scales', 'Male', '[\"Herbs\", \"Fruits\", \"Succulent\"]');
INSERT INTO user_info (email_address, phone_number, name, gender, preference) VALUES ('Steven.Haupt@testemail.cf', '0165720813', 'Steven Haupt', 'Male', '[\"Succulent\", \"Fruits\", \"Herbs\", \"Bonsai\"]');
INSERT INTO user_info (email_address, phone_number, name, gender, preference) VALUES ('Rodney.Taylor@testemail.cf', '0198792014', 'Rodney Taylor', 'Male', '[\"Succulent\", \"Bonsai\", \"Herbs\", \"Seedlings\"]');
INSERT INTO user_info (email_address, phone_number, name, gender, preference) VALUES ('Eli.Labbe@testemail.cf', '0194379502', 'Eli Labbe', 'Male', '[\"Gardening\", \"Seedlings\", \"Succulent\", \"Bonsai\"]');
INSERT INTO user_info (email_address, phone_number, name, gender, preference) VALUES ('Terry.Chambers@testemail.cf', '01134605291', 'Terry Chambers', 'Female', '[\"Fruits\"]');
INSERT INTO user_info (email_address, phone_number, name, gender, preference) VALUES ('Leslie.Fuller@testemail.cf', '0155386749', 'Leslie Fuller', 'Male', NULL);
INSERT INTO user_info (email_address, phone_number, name, gender, preference) VALUES ('Daniel.Humphreys@testemail.cf', '0150439562', 'Daniel Humphreys', 'Male', '[\"Seedlings\", \"Succulent\"]');
INSERT INTO user_info (email_address, phone_number, name, gender, preference) VALUES ('Glenna.Farmer@testemail.cf', '0185123460', 'Glenna Farmer', 'Male', '[\"Fruits\", \"Succulent\"]');
INSERT INTO user_info (email_address, phone_number, name, gender, preference) VALUES ('Daniel.Claunch@testemail.cf', '0165802193', 'Daniel Claunch', 'Female', '[\"Herbs\", \"Fruits\"]');
INSERT INTO user_info (email_address, phone_number, name, gender, preference) VALUES ('Victoria.Yeaton@testemail.cf', '0187529138', 'Victoria Yeaton', 'Male', '[\"Gardening\"]');
INSERT INTO user_credentials (email_address, password, user_id, user_role, account_status) VALUES ('Helen.Fleming@testemail.cf', '\$2b\$12\$eq/z3SbcHgJORsNYwGgKHOJGAvZe3oRbpIWK.sguQJwX3ge/OYqsu', '1', 'Admin', 'Activated');
INSERT INTO user_credentials (email_address, password, user_id, user_role, account_status) VALUES ('Helen.Low@testemail.cf', '\$2b\$12\$V1grZlwIZ08vzlJr9NsveeaTgtXHVuL2TY5b7bYecd5.PvUOEjwGi', '2', 'Admin', 'Activated');
INSERT INTO user_credentials (email_address, password, user_id, user_role, account_status) VALUES ('Rebecca.Todd@testemail.cf', '\$2b\$12\$kMlwI536WNJvLHtoHdNwcuVx/fdwYVlUCSv7B/8MZThSalOOm4FhK', '3', 'Admin', 'Activated');
INSERT INTO user_credentials (email_address, password, user_id, user_role, account_status, account_token, token_expiry) VALUES ('Sarah.Zwilling@testemail.cf', '\$2b\$12\$t61rb1nnA8uCjpzzWbVmp.ipyVq6cqU/m7DAzUG9GzUt79.HIj7Mi', '4', 'User', 'Unactivated', 'OsICpCuWacIEjJPrBjBg/g', '2022-10-12 22:01:09');
INSERT INTO user_credentials (email_address, password, user_id, user_role, account_status, account_token, token_expiry) VALUES ('Morris.Hannah@testemail.cf', '\$2b\$12\$1jjvZ6MQGvSWu3EVKdKUy.Bn5HAfLcipnXYxCO/lNRxW15jfBXAfK', '5', 'User', 'Pending Reset', 'LmTZxkP1GYQSVAV7sa13hU', '2022-10-12 22:01:09');
INSERT INTO user_credentials (email_address, password, user_id, user_role, account_status) VALUES ('William.Deacy@testemail.cf', '\$2b\$12\$2h8fjVmOJvWBse/rd4U8/O0fMx09arSofMDGwUy17vjNxO0QD5s6q', '6', 'User', 'Activated');
INSERT INTO user_credentials (email_address, password, user_id, user_role, account_status, account_token, token_expiry) VALUES ('Deanna.Flickinger@testemail.cf', '\$2b\$12\$jKQ8AjJhT.Uv7oqA2UMEHO6UT9hhEYjiOWyLBSl2FX/td8AnGIFwO', '7', 'User', 'Unactivated', '8GS57YyftO0IbxTRLbbJCA', '2022-10-12 22:01:10');
INSERT INTO user_credentials (email_address, password, user_id, user_role, account_status, account_token, token_expiry) VALUES ('Jack.Hull@testemail.cf', '\$2b\$12\$KneOGDK4vQxfywJ2leQXs.GExizqFFDsH4uNzXFTkJC7ewheG9GaC', '8', 'User', 'Unactivated', 'DCRVuCFOCkECakP1OFYvHo', '2022-10-12 22:01:10');
INSERT INTO user_credentials (email_address, password, user_id, user_role, account_status) VALUES ('Rita.Kenyon@testemail.cf', '\$2b\$12\$j3/67RvZpuw7Rcu0PV.ln.pvHysWZyvugw8eWmQuGjqHfe4wWzkH6', '9', 'User', 'Activated');
INSERT INTO user_credentials (email_address, password, user_id, user_role, account_status) VALUES ('Debbie.Pierce@testemail.cf', '\$2b\$12\$YYoZLCOXgVePMzhUKEhRuO1uRcjZejerqHWlu4LqQdh13FItWVONC', '10', 'User', 'Activated');
INSERT INTO user_credentials (email_address, password, user_id, user_role, account_status) VALUES ('Clifford.Bautista@testemail.cf', '\$2b\$12\$RFRDdwi3kdWJXPLqlWndJ.f4x3ZTSeKsPJnouyVvoM9QVn5B30QPC', '11', 'User', 'Deleted');
INSERT INTO user_credentials (email_address, password, user_id, user_role, account_status) VALUES ('David.Woody@testemail.cf', '\$2b\$12\$qsD1XxGMPHcdse9Pzpbf..uU54R1alTGPlG60hYlxDfB45BG90xUy', '12', 'User', 'Deleted');
INSERT INTO user_credentials (email_address, password, user_id, user_role, account_status) VALUES ('Robert.Abud@testemail.cf', '\$2b\$12\$7XOurhbB/ufZrbBS.cP1QexHJkeLInsESmnsfgvKikMUGpgO2jWT.', '13', 'User', 'Deleted');
INSERT INTO user_credentials (email_address, password, user_id, user_role, account_status) VALUES ('Jill.Poirier@testemail.cf', '\$2b\$12\$b/7VlvBjnMzvVVv3I6r01eVm0B8ioZ250VGcxo3G0Ifi/Qy1pkHUW', '14', 'User', 'Activated');
INSERT INTO user_credentials (email_address, password, user_id, user_role, account_status) VALUES ('Nola.Lee@testemail.cf', '\$2b\$12\$9P381HSk/S571b3UjUA1ZOYOlscU0MULME2G45ydWKMD9ukiP2jn.', '15', 'User', 'Activated');
INSERT INTO user_credentials (email_address, password, user_id, user_role, account_status, account_token, token_expiry) VALUES ('Harmony.Walker@testemail.cf', '\$2b\$12\$kSujs7C0uaEF8nHaXa4C5e8rV35Tv1VV6dPMT7ieZ4ZS6YI1G2Hqy', '16', 'User', 'Unactivated', 'lsUBF//9VcA9FNCgQ/5mVs', '2022-10-12 22:01:12');
INSERT INTO user_credentials (email_address, password, user_id, user_role, account_status) VALUES ('Monika.Hutson@testemail.cf', '\$2b\$12\$pjDTg3T5hDcJe2zjS1c7J.dU7uPJKuVZhf5/X721tl3Lt191Sv4ty', '17', 'User', 'Deleted');
INSERT INTO user_credentials (email_address, password, user_id, user_role, account_status, account_token, token_expiry) VALUES ('Mary.Nichols@testemail.cf', '\$2b\$12\$eBMwCMG1oj/81zd5/iW97.nPYKARxdTZiWrOe/qxs7w1G9qVV3.1u', '18', 'User', 'Unactivated', 'neh0D/GusBwcQHsMuUPSgo', '2022-10-12 22:01:12');
INSERT INTO user_credentials (email_address, password, user_id, user_role, account_status, account_token, token_expiry) VALUES ('Marilyn.Goodale@testemail.cf', '\$2b\$12\$xASN1JJXD2GB0dfkKoavC.U8i8w5Dy1YHGkbPY.TAbrVJu1bbsIT.', '19', 'User', 'Pending Reset', 'XRdzWGmeH3Qf+idaUWF8Q0', '2022-10-12 22:01:12');
INSERT INTO user_credentials (email_address, password, user_id, user_role, account_status, account_token, token_expiry) VALUES ('William.Arruda@testemail.cf', '\$2b\$12\$ardBsB0kb0T4xY/ZRocsGOt35JelGoFY8KWbQSsjkVVTbbNvu6qv2', '20', 'User', 'Unactivated', 'n63RAjowJxMrpB8cA85Yp0', '2022-10-12 22:01:12');
INSERT INTO booking_info (booking_id, appointment_date, appointment_timeslot, user_id, number_of_attendees, booking_status) VALUES ('hylpYxpOlqg', '2022-11-09', '12:00:00', 6, 8, 'Cancelled');
INSERT INTO booking_info (booking_id, appointment_date, appointment_timeslot, user_id, number_of_attendees, booking_status) VALUES ('mPj18yElS5k', '2022-10-20', '09:00:00', 9, 7, 'Confirmed');
INSERT INTO booking_info (booking_id, appointment_date, appointment_timeslot, user_id, number_of_attendees, booking_status) VALUES ('9fCty64D53A', '2022-10-19', '12:00:00', 10, 7, 'Cancelled');
INSERT INTO booking_info (booking_id, appointment_date, appointment_timeslot, user_id, number_of_attendees, booking_status) VALUES ('8A31RgZ/mWs', '2022-10-17', '10:00:00', 14, 5, 'Cancelled');
INSERT INTO booking_info (booking_id, appointment_date, appointment_timeslot, user_id, number_of_attendees, booking_status) VALUES ('RAW/GZdwl3I', '2022-10-21', '17:00:00', 15, 6, 'Cancelled');
INSERT INTO booking_info (booking_id, appointment_date, appointment_timeslot, user_id, number_of_attendees, booking_status) VALUES ('yRoQmHoWe5c', '2022-10-18', '11:00:00', 25, 3, 'Cancelled');
INSERT INTO booking_info (booking_id, appointment_date, appointment_timeslot, user_id, number_of_attendees, booking_status) VALUES ('QKzXTCkJlLQ', '2022-11-07', '17:00:00', 26, 2, 'Cancelled');
INSERT INTO booking_info (booking_id, appointment_date, appointment_timeslot, user_id, number_of_attendees, booking_status) VALUES ('HeukZjkjCGE', '2022-10-17', '15:00:00', 29, 1, 'Confirmed');
INSERT INTO content_info (content_type, content_title, content_resource) VALUES ('Announcement', 'Closure of Store due to Fumigation and Santisation Exercise on 21st October 2022', '<p>Dear valued patrons,</p><br/><br/><p>Our store will be closed on 21st October 2022 for a fumigation and santisation exercise to ensure the safety of all visitors and employees. We will be back on 24th October 2022.</p><br/><br/><p>Thank you for your understanding.</p><br/><br/><p>Regards,</p><p>Cacti Succulent Kuching</p>');
INSERT INTO content_info (content_type, content_title, content_resource) VALUES ('Promotion', '40% off Cacti Seedling from 17th Oct 2022 to 31st Oct 2022', '<p>Dear valued patrons,</p><br/><br/><p>In conjunction with Halloween, we will be having a promotion whereby all Cacti Seedlings will be eligible for a 40% discount</p><br/><br/><p>With Love,</p><p>Cacti Succulent Kuching</p>');
INSERT INTO content_info (content_type, content_title, content_resource) VALUES ('Promotion', 'Buy 1 Free 1 for Pots and Vases on 11th November 2022', '<p>Dear valued patrons,</p><br/><br/><p>In conjunction with the 11.11 sales, we will be having a buy 1 free 1 sale on all pots and vases.</p><br/><br/><p>With Care,</p><p>Cacti Succulent Kuching</p>');
INSERT INTO content_info (content_type, content_title, content_resource) VALUES ('Announcement', 'Pop Up Store at Vivacity Mall on 8th November 2022', '<p>Dear valued patrons,</p><br/><br/><p>During the Yee Peng festival, we will be setting up a pop up store on the 8th November 2022 in Vivacity Mall. Be sure to drop by and visit us for some freebies!</p><br/><br/><p>With Care,</p><p>Cacti Succulent Kuching</p>');
INSERT INTO encyclopedia_item_categories (item_category_name) VALUES ('Compost & Soil');
INSERT INTO encyclopedia_item_categories (item_category_name) VALUES ('Fertiliser');
INSERT INTO encyclopedia_item_categories (item_category_name) VALUES ('Pesticides');
INSERT INTO encyclopedia_item_categories (item_category_name) VALUES ('Pots & Vases');
INSERT INTO encyclopedia_item_categories (item_category_name) VALUES ('Tools & Accessories');
INSERT INTO encyclopedia_item_categories (item_category_name) VALUES ('Seeds');
INSERT INTO encyclopedia_item_categories (item_category_name) VALUES ('Plants');
INSERT INTO encyclopedia_item_types (item_type_name, item_category_id) VALUES ('Compost & Soil', 1);
INSERT INTO encyclopedia_item_types (item_type_name, item_category_id) VALUES ('Fertiliser', 2);
INSERT INTO encyclopedia_item_types (item_type_name, item_category_id) VALUES ('Pesticides', 3);
INSERT INTO encyclopedia_item_types (item_type_name, item_category_id) VALUES ('Ceramic', 4);
INSERT INTO encyclopedia_item_types (item_type_name, item_category_id) VALUES ('Fiber', 4);
INSERT INTO encyclopedia_item_types (item_type_name, item_category_id) VALUES ('Glass', 4);
INSERT INTO encyclopedia_item_types (item_type_name, item_category_id) VALUES ('Plastic', 4);
INSERT INTO encyclopedia_item_types (item_type_name, item_category_id) VALUES ('Tools & Accessories', 5);
INSERT INTO encyclopedia_item_types (item_type_name, item_category_id) VALUES ('Flower and Fruits', 6);
INSERT INTO encyclopedia_item_types (item_type_name, item_category_id) VALUES ('Vegetables and Herbs', 6);
INSERT INTO encyclopedia_item_types (item_type_name, item_category_id) VALUES ('Orchids', 7);
INSERT INTO encyclopedia_item_types (item_type_name, item_category_id) VALUES ('Succulents', 7);
INSERT INTO encyclopedia_item_types (item_type_name, item_category_id) VALUES ('Herbs', 7);
INSERT INTO encyclopedia_item_types (item_type_name, item_category_id) VALUES ('Fruits', 7);
INSERT INTO encyclopedia_item_types (item_type_name, item_category_id) VALUES ('Seedlings', 7);
INSERT INTO encyclopedia_items (item_type_id, item_name, item_image, availability_in_store, price_in_store, encyclopedia_resource) VALUES (1, 'Agrosoil', 'https://gardenmart4u.com/image/gardenmart4u/image/cache/data/all_product_images/product-2146/ZAPXaUTi1619778545-808x1080.jpeg', 'Available', 48.29, '<h1>This is Agrosoil</h1>');
INSERT INTO encyclopedia_items (item_type_id, item_name, item_image, availability_in_store, price_in_store, encyclopedia_resource) VALUES (2, 'Ferti 53', 'https://www.gardenmart4u.com/image/gardenmart4u/image/cache/data/all_product_images/product-669/LExBlpgU1586244672-416x584.png', 'Not Available', NULL, '<h1>This is Ferti 53</h1>');
INSERT INTO encyclopedia_items (item_type_id, item_name, item_image, availability_in_store, price_in_store, encyclopedia_resource) VALUES (3, 'Mr Ganick Natural Pesticide', 'https://gardenmart4u.com/image/gardenmart4u/image/cache/data/all_product_images/product-310/GM_mr_ganick_scale_terminator_1-01_1662356874-1772x1772.jpg', 'Available', 54.59, '<h1>This is Mr Ganick Natural Pesticide</h1>');
INSERT INTO encyclopedia_items (item_type_id, item_name, item_image, availability_in_store, price_in_store, encyclopedia_resource) VALUES (4, 'Chinese Ceramic Pot', 'https://www.gardenmart4u.com/image/gardenmart4u/image/cache/data/all_product_images/product-858/or-plant-home-deco-a-9804-96224722-29085c5ea4ee10f0f8bcb668f8df2c26-1920x1920.jpg', 'Available', 92.44, '<h1>This is Chinese Ceramic Pot</h1>');
INSERT INTO encyclopedia_items (item_type_id, item_name, item_image, availability_in_store, price_in_store, encyclopedia_resource) VALUES (5, 'Wood Fiber Pot', 'https://www.gardenmart4u.com/image/gardenmart4u/image/cache/data/all_product_images/product-391/garden-wood-style-pot-1002651-4141-98884867-29175d6e46e35f225ae3d3f861827268-1920x1920.jpg', 'Not Available', NULL, '<h1>This is Wood Fiber Pot</h1>');
INSERT INTO encyclopedia_items (item_type_id, item_name, item_image, availability_in_store, price_in_store, encyclopedia_resource) VALUES (6, 'Terrarium Glass Pot', 'https://www.gardenmart4u.com/image/gardenmart4u/image/cache/data/all_product_images/product-334/icueXlZy1596250341-795x669.JPG', 'Not Available', NULL, '<h1>This is Terrarium Glass Pot</h1>');
INSERT INTO encyclopedia_items (item_type_id, item_name, item_image, availability_in_store, price_in_store, encyclopedia_resource) VALUES (7, 'Garden Plastic Pot', 'https://www.gardenmart4u.com/image/gardenmart4u/image/cache/data/all_product_images/product-515/co-9555412901410-9354-31183684-928803f6b7cc81e102aee8a2092322a0-1920x1920.jpg', 'Not Available', NULL, '<h1>This is Garden Plastic Pot</h1>');
INSERT INTO encyclopedia_items (item_type_id, item_name, item_image, availability_in_store, price_in_store, encyclopedia_resource) VALUES (8, 'Pressure Pump Sprayer', 'https://www.gardenmart4u.com/image/gardenmart4u/image/cache/data/all_product_images/product-2052/druSuAs71621738114-960x1241.jpg', 'Available', 116.03, '<h1>This is Pressure Pump Sprayer</h1>');
INSERT INTO encyclopedia_items (item_type_id, item_name, item_image, availability_in_store, price_in_store, encyclopedia_resource) VALUES (9, 'Sunflower Seeds', 'https://www.gardenmart4u.com/image/gardenmart4u/image/cache/data/all_product_images/product-3276/njGk4Aad1635401385-1772x1772.jpg', 'Available', 64.22, '<h1>This is Sunflower Seeds</h1>');
INSERT INTO encyclopedia_items (item_type_id, item_name, item_image, availability_in_store, price_in_store, encyclopedia_resource) VALUES (10, 'Coriander Seeds', 'https://www.gardenmart4u.com/image/gardenmart4u/image/cache/data/all_product_images/product-1018/eL1RZXvH1601001526-851x851.jpg', 'Not Available', NULL, '<h1>This is Coriander Seeds</h1>');
INSERT INTO encyclopedia_items (item_type_id, item_name, item_image, availability_in_store, price_in_store, encyclopedia_resource) VALUES (11, 'Orchid Cattleya', 'https://www.gardenmart4u.com/image/gardenmart4u/image/cache/data/all_product_images/product-3473/gsD28dSL1625979265-1689x2251.jpg', 'Available', 76.17, '<h1>This is Orchid Cattleya</h1>');
INSERT INTO encyclopedia_items (item_type_id, item_name, item_image, availability_in_store, price_in_store, encyclopedia_resource) VALUES (12, 'Ornatum Star Cactus', 'https://gardenmart4u.com/image/gardenmart4u/image/cache/data/all_product_images/product-2717/gN7fiQZ01599554008-810x1080.jpg', 'Not Available', NULL, '<h1>This is Ornatum Star Cactus</h1>');
INSERT INTO encyclopedia_items (item_type_id, item_name, item_image, availability_in_store, price_in_store, encyclopedia_resource) VALUES (13, 'Aloe Vera', 'https://www.gardenmart4u.com/image/gardenmart4u/image/cache/data/all_product_images/product-1267/cKV5UqyK1572428837-520x525.jpg', 'Available', 106.13, '<h1>This is Aloe Vera</h1>');
INSERT INTO encyclopedia_items (item_type_id, item_name, item_image, availability_in_store, price_in_store, encyclopedia_resource) VALUES (14, 'Avocado', 'https://gardenmart4u.com/image/gardenmart4u/image/cache/data/all_product_images/product-1405/koSobKdW1574127623-400x318.jpg', 'Available', 101.93, '<h1>This is Avocado</h1>');
INSERT INTO encyclopedia_items (item_type_id, item_name, item_image, availability_in_store, price_in_store, encyclopedia_resource) VALUES (15, 'Foxtail Lily', 'https://garden-tags-live.s3-accelerate.amazonaws.com/69036_treefrog44_1615989575222_1080.jpeg', 'Available', 68.79, '<h1>This is Foxtail Lily</h1>');
INSERT INTO default_store_availability (day_of_week, operating_hours) VALUES ('Sunday', NULL);
INSERT INTO default_store_availability (day_of_week, operating_hours) VALUES ('Monday', '[\"09:00:00-12:00:00\", \"13:00:00-17:00:00\"]');
INSERT INTO default_store_availability (day_of_week, operating_hours) VALUES ('Tuesday', '[\"09:00:00-12:00:00\", \"13:00:00-17:00:00\"]');
INSERT INTO default_store_availability (day_of_week, operating_hours) VALUES ('Wednesday', '[\"09:00:00-12:00:00\", \"13:00:00-17:00:00\"]');
INSERT INTO default_store_availability (day_of_week, operating_hours) VALUES ('Thursday', '[\"09:00:00-12:00:00\", \"13:00:00-17:00:00\"]');
INSERT INTO default_store_availability (day_of_week, operating_hours) VALUES ('Friday', '[\"09:00:00-12:00:00\", \"13:00:00-17:00:00\"]');
INSERT INTO default_store_availability (day_of_week, operating_hours) VALUES ('Saturday', NULL);
INSERT INTO custom_store_availability (operating_date, operating_hours) VALUES ('2022-10-20', '[\"09:00:00-12:00:00\"]');
INSERT INTO custom_store_availability (operating_date, operating_hours) VALUES ('2022-10-26', '[\"09:00:00-12:00:00\"]');
INSERT INTO custom_store_availability (operating_date, operating_hours) VALUES ('2022-10-18', '[\"09:00:00-11:00:00\", \"14:00:00-17:00:00\"]');
INSERT INTO custom_store_availability (operating_date, operating_hours) VALUES ('2022-11-07', '[\"09:00:00-14:00:00\"]');
INSERT INTO custom_store_availability (operating_date, operating_hours) VALUES ('2022-11-09', '[\"09:00:00-14:00:00\"]');
INSERT INTO custom_store_availability (operating_date, operating_hours) VALUES ('2022-10-25', '[\"09:00:00-12:00:00\"]');
INSERT INTO custom_store_availability (operating_date, operating_hours) VALUES ('2022-10-21', '[\"09:00:00-14:00:00\"]');
INSERT INTO custom_store_availability (operating_date, operating_hours) VALUES ('2022-10-13', '[\"09:00:00-11:00:00\", \"14:00:00-17:00:00\"]');
INSERT INTO custom_store_availability (operating_date, operating_hours) VALUES ('2022-11-02', '[\"09:00:00-14:00:00\"]');
INSERT INTO custom_store_availability (operating_date, operating_hours) VALUES ('2022-10-17', '[\"09:00:00-12:00:00\"]');
INSERT INTO custom_store_availability (operating_date, operating_hours) VALUES ('2022-10-28', '[\"09:00:00-11:00:00\", \"14:00:00-17:00:00\"]');
INSERT INTO custom_store_availability (operating_date, operating_hours) VALUES ('2022-11-03', '[\"09:00:00-11:00:00\", \"14:00:00-17:00:00\"]');
INSERT INTO custom_store_availability (operating_date, operating_hours) VALUES ('2022-10-12', '[\"09:00:00-14:00:00\"]');
INSERT INTO custom_store_availability (operating_date, operating_hours) VALUES ('2022-10-19', '[\"09:00:00-14:00:00\"]');
INSERT INTO homepage_info (page_resource, remarks) VALUES ('<h1>This is version 1</h1><p>You are now viewing version 1</p>', 'Modified to Version 1');
INSERT INTO homepage_info (page_resource, remarks) VALUES ('<h1>This is version 2</h1><p>You are now viewing version 2</p>', 'Modified to Version 2');
INSERT INTO homepage_info (page_resource, remarks) VALUES ('<h1>This is version 3</h1><p>You are now viewing version 3</p>', 'Modified to Version 3');
INSERT INTO homepage_info (page_resource, remarks) VALUES ('<h1>This is version 4</h1><p>You are now viewing version 4</p>', 'Modified to Version 4');
INSERT INTO homepage_info (page_resource, remarks) VALUES ('<h1>This is version 5</h1><p>You are now viewing version 5</p>', 'Modified to Version 5');
